Fund Name,P1,P2,P3,P4,P5,Topsis Score,Rank
M1,0.89,0.79,6.2,43.4,12.82,0.466442125,6
M2,0.94,0.88,3.3,40.3,11.36,0.618968577,3
M3,0.69,0.48,4.7,34,9.97,0.317553871,8
M4,0.67,0.45,3.2,45.3,12.41,0.503497962,5
M5,0.81,0.66,6,44.7,13.04,0.425455508,7
M6,0.88,0.77,3.7,44.7,12.51,0.641605393,2
M7,0.83,0.69,4.4,54,14.98,0.652624842,1
M8,0.89,0.79,6.1,54.2,15.5,0.582571237,4
